grid,velocity,T,density,X_C2H4,X_O2,X_CO2,X_CO,X_H2O,X_H2,X_N2
0.0,0.6542240968866195,300.0,1.1698532681009575,0.06542056074762785,0.19626168224286927,6.229835029207429e-17,0.0,1.4845940762164483e-14,5.827552931619329e-13,0.7383177570089053
0.002,0.654224096908274,300.000000007054,1.1698532680622338,0.06542056074700107,0.19626168224042487,6.23010076153183e-17,0.0,8.94497856840081e-13,1.0489678026861822e-11,0.7383177570011898
0.003,0.6542240969918641,300.00000002472206,1.1698532679127605,0.06542056074249811,0.19626168222493365,6.254851992947869e-17,0.0,3.1017200395081306e-12,8.3556824367348e-11,0.7383177569459096
0.004,0.6542240976255268,300.00000011609893,1.1698532667796753,0.06542056069908653,0.19626168208051742,7.341756766915232e-17,7.132262856313858e-16,1.4508250670305308e-11,7.92477408139653e-10,0.7383177564134095
0.0045000000000000005,0.6542240995604816,300.0000002641187,1.1698532633196805,0.0654205605379715,0.19626168155656432,2.52119399648585e-16,1.0677067569875833e-14,3.3076474777147705e-11,3.434477592587234e-09,0.7383177544378993
0.005,0.6542241091712192,300.0000007825372,1.1698532461342066,0.06542055969048868,0.19626167881727713,4.232546265745165e-15,1.8136218180079522e-13,9.871397047548547e-11,1.7346675591351306e-08,0.738317744046659
0.0055,0.6542241582413025,300.0000028519773,1.1698531583893714,0.06542055523776846,0.19626166447410334,9.290806263859966e-14,3.1052755276330715e-12,3.6862642842934776e-10,9.048146374373727e-08,0.7383176894348399
0.00575,0.6542242617169013,300.000007504315,1.1698529733591727,0.06542054591202329,0.1962616344644643,8.448994102828904e-13,2.2253748831281557e-11,1.0088032648889754e-09,2.4364729345637306e-07,0.738317574944317
0.006,0.6542246162838699,300.00003619993674,1.1698523393396445,0.06542051674111093,0.19626154011232252,9.60035607283938e-12,1.9583802631126414e-10,4.9953130472365376e-09,7.220059505715073e-07,0.7383172159398645
0.006125,0.6542251860194811,300.0001231489294,1.1698513205674126,0.06542047877122098,0.1962614154580297,4.8923861268602525e-11,8.076252539755721e-10,1.6873727654272192e-08,1.3419145655126502e-06,0.7383167461259071
0.00625,0.6542268702257173,300.0005326462112,1.1698483089659812,0.0654203997049913,0.19626114704034103,2.9753274630609614e-10,3.886485520737965e-09,7.14558269566867e-08,2.619449645104091e-06,0.7383157581651772
0.0063750000000000005,0.6542328129373299,300.00249305975984,1.1698376826725727,0.0654202325618326,0.1962605363419703,1.869284275028728e-09,1.9380962433772012e-08,3.259436613586293e-07,5.252089122254622e-06,0.7383136318131668
0.0064375000000000005,0.6542426287264596,300.00627752787716,1.169820131267026,0.06542007428355431,0.19625988056079702,5.792083166800587e-09,5.0558669553213695e-08,8.050090212871617e-07,7.615489575229992e-06,0.7383115683062993
0.006500000000000001,0.654269219670573,300.01729807646865,1.1697725872064055,0.06541980897582925,0.19625859115296374,2.0153519777474613e-08,1.4459538076032264e-07,2.1692110742919965e-06,1.1232006743718702e-05,0.7383080339044885
0.006562500000000001,0.6543436235738013,300.0494035784998,1.169639575091616,0.06541932963726356,0.19625576256411176,7.272645749173664e-08,4.28201264853637e-07,6.0553226294625114e-06,1.6765625272202822e-05,0.7383015859230007
0.006625000000000001,0.6545556791895868,300.1429399319533,1.169260648437608,0.06541836090018549,0.19624887347566425,2.6513079256056604e-07,1.2833276376750703e-06,1.7124682740717796e-05,2.5230845483490437e-05,0.7382888616374957
0.006656250000000001,0.6548110952851293,300.25680805333747,1.168804565854527,0.06541739806911877,0.1962411830434167,5.531632696548197e-07,2.3568665454165025e-06,3.0329693289763262e-05,3.114431766716534e-05,0.7382770348466925
0.006687500000000001,0.655308067855683,300.47952029174826,1.1679181679316377,0.06541566534790882,0.19622667005542688,1.2237109812749032e-06,4.510583674966574e-06,5.572035387190235e-05,3.862008010290573e-05,0.7382575898680332
0.006718750000000001,0.6562761535905742,300.91485411530397,1.166195349375625,0.06541237009329479,0.19619877120570503,2.7831730559530917e-06,8.827451284014204e-06,0.0001044903606387677,4.806446012894664e-05,0.7382246932558925
0.006734375000000001,0.6571046250981697,301.28813940884925,1.1647250211590785,0.06540950316281434,0.1961749111165173,4.337247054110052e-06,1.261017596504511e-05,0.0001456909475151104,5.371844824795338e-05,0.738199228901886
0.006750000000000001,0.6583257544070292,301.8389559552373,1.1625645714984574,0.06540514617204338,0.19613960732458596,6.917126561605563e-06,1.8284601751737567e-05,0.00020575717924799697,6.0110552598882166e-05,0.7381641770432104
0.006765625000000001,0.6601244136542795,302.6509928895901,1.1593969000950695,0.06539846018703986,0.19608728603396677,1.1193867528984274e-05,2.6786563403014665e-05,0.0002932022519228046,6.733123751062649e-05,0.7381157398586281
0.006781250000000001,0.6627706791956102,303.846528460626,1.154767739871258,0.06538812985849689,0.196009711596829,1.826889442027956e-05,3.950272292798967e-05,0.0004202393096457902,7.547819492665315e-05,0.7380486694227534
0.006789062500000001,0.6645597590451942,304.65516135709305,1.1516589578377463,0.0653808132491737,0.19595681984417257,2.3539899406541454e-05,4.822289793563793e-05,0.0005052885506101903,7.994506879204156e-05,0.7380053704899093
0.006796875000000001,0.6667669731009487,305.65306238147826,1.147846595136689,0.06537145447596274,0.1958911679974402,3.052064304033038e-05,5.90857180552789e-05,0.0006093682472548789,8.469313002467657e-05,0.7379537097882221
0.006804687500000001,0.6694875963381148,306.88337911125024,1.1431820460330528,0.06535947844624503,0.19580973927071746,3.97531158163215e-05,7.260261140454099e-05,0.0007365656985745378,8.973655080521705e-05,0.7378921243064368
0.006812500000000001,0.6728373267058328,308.3985058043771,1.1374906982822248,0.0653441546055993,0.195708849656084,5.194337930170479e-05,8.939925852513361e-05,0.0008917617253983415,9.508915099911258e-05,0.7378188022240926
0.006820312500000001,0.6769560146241896,310.26176841243915,1.130570058502155,0.06532455961916117,0.19558402471184358,6.800659540025837e-05,0.00011023715599725797,0.0010807440960980057,0.00010076403934720576,0.7377316637821526
0.006828125000000001,0.6820117513679457,312.549269197445,1.122189170583779,0.06529953381377065,0.19542986572492876,8.912172276097192e-05,0.00013603729488538254,0.001310317692133113,0.00010677316626566408,0.7376283505852554
0.006835937500000001,0.688205183135084,315.35182912307926,1.112090145438719,0.06526763183026518,0.19523991055466827,0.00011679643417420426,0.00016790517057692776,0.0015884005258043022,0.00011312678277884817,0.7375062287017322
0.006839843750000001,0.6918197587766112,316.9875086847649,1.10627976842955,0.06524836800083893,0.19512827823196538,0.00013386685681697998,0.0001866669787186807,0.0017495740892888296,0.0001164454330297901,0.7374368004093413
0.006843750000000001,0.695833449561939,318.80386044998625,1.0998985509577701,0.0652264840072987,0.195003882581218,0.00015354665673435552,0.00020759968813639917,0.0019273930390572753,0.00011985565151078037,0.7373612383760445
0.0068476562500000004,0.7002865486275536,320.81911032929855,1.0929043328669668,0.06520164628787903,0.1948653924689896,0.00017620817866381583,0.0002309327724888482,0.002123356624271206,0.00012335804979003235,0.7372791056179175
0.006851562500000001,0.7052225737183884,323.052937374919,1.085254828960748,0.06517348541049156,0.19471136738507766,0.00020226996189415876,0.00025691514432261866,0.002339053110074664,0.00012695298594891398,0.7371899560021904
0.006855468750000001,0.7106883432470071,325.5265064174939,1.0769083400352555,0.06514159380730274,0.1945402546895547,0.000232200749550281,0.00028581578602956026,0.002576155712609372,0.0001306405369578484,0.7370933387179955
0.006859375000000001,0.7167340126608552,328.2624824037516,1.067824591671346,0.0651055237298303,0.19435038813417257,0.000266523437036615,0.0003179241850848264,0.0028364163787465936,0.00013442047162090122,0.7369888036635082
0.0068632812500000005,0.7234130624231402,331.28502247338787,1.0579656970075608,0.06506478551590929,0.1941399879107292,0.00030581885120818176,0.000353550530334419,0.003121657195152479,0.00013829222490296513,0.7368759077717634
0.006867187500000001,0.7307822288043397,334.61974177292126,1.047297231721042,0.06501884626580864,0.193907162469476,0.00035072923584477067,0.000393025626649244,0.0034337592673535002,0.0001422548745783248,0.7367542222602895
0.006871093750000001,0.738901369033976,338.29364917681323,1.035789399907795,0.06496712902655484,0.19364991232544643,0.0004019613061788153,0.0004367004882672119,0.0037746489892040457,0.00014630712124603674,0.7366233407431025
0.006875000000000001,0.747833253291699,342.3350495244586,1.0234182588863612,0.06490901257967512,0.19336613602709055,0.0004602887274057622,0.00048494557702760286,0.004146281726827303,0.00015044727283529427,0.7364828880891383
0.0068789062500000005,0.7576432776219686,346.77340973011053,1.0101669598514593,0.0648438319171761,0.1930536383990486,0.0005265538711703061,0.0005381496607288601,0.004550623066516548,0.00015467323476158658,0.7363325298505982
0.006882812500000001,0.7683990941990021,351.6391872088932,0.9960269507778514,0.06477087947275664,0.19271014108945914,0.0006016687116780356,0.0005967182790388927,0.004989627918086448,0.0001589825068836046,0.7361719820220972
0.006886718750000001,0.7801701584490086,356.9636204866834,0.9809990792792136,0.06468940715012815,0.1923332953547273,0.0006866147405831044,0.0006610718194735,0.005465217915351248,0.00016337218834671497,0.7360010208313901
0.006890625000000001,0.7930271962886597,362.77848358992065,0.9650945276720202,0.06459862915829323,0.19192069690605973,0.0007824418076506264,0.00073164322328628,0.005979257702302049,0.00016783899128514218,0.7358194922111229
0.0068945312500000005,0.8070415989928987,369.11580776597185,0.948335511663526,0.0644977256265986,0.19146990252947704,0.0008902658318778487,0.0008088753596732789,0.006533530823364924,0.00017237926420423288,0.7356273205648041
0.006896484375000001,0.8145133772239178,372.49396394325146,0.9396361425586939,0.0644428801053056,0.19122805403355134,0.000949417689146788,0.0008503633613374405,0.006827861759179494,0.00017468648623383554,0.7355267365652455
0.006898437500000001,0.8223094360183066,376.01841413047816,0.930727746058009,0.064385051875731,0.19097530586474432,0.001012180478866229,0.00089376002106605,0.007133278910099534,0.0001770112329421461,0.7354234116165508
0.006900390625000001,0.8304390227489643,379.6932931397576,0.9216163825150012,0.06432412005505703,0.19071132195333854,0.0010787260577480938,0.000939127180234854,0.007449990635686332,0.00017935295220717146,0.7353173611657279
0.006902343750000001,0.838911285595076,383.52268731329724,0.9123088713564282,0.06425996220393432,0.1904357669557477,0.0011492302370598297,0.0009865268060376194,0.007778195499632659,0.0001817110754836323,0.7352086072221041
0.006904296875000001,0.8477352478799369,387.51062283477137,0.9028127709842997,0.06419245452764556,0.19014830694293763,0.0012238725655659166,0.0010360208749693768,0.008118081603073542,0.0001840850198893213,0.7350971784659188
0.006906250000000001,0.8569197826159526,391.6610541520272,0.8931363515947723,0.06412147208248314,0.18984861008266252,0.0013028360963838108,0.0010876712562495822,0.008469825974322689,0.0001864741905054681,0.7349831103173927
0.006908203125000001,0.8664735874865775,395.9778526169141,0.8832885610689224,0.06404688898560346,0.18953634731003655,0.001386307139510501,0.0011415395961377076,0.008833594021261881,0.0001888779828992252,0.7348664449645507
0.0069101562500000005,0.8764051604955934,400.46479544796745,0.8732789842167634,0.06396857862651678,0.18921119298105055,0.0014744750019475457,0.001197687204094698,0.009209539051801234,0.0001912957858786041,0.7347472313487107
0.006912109375000001,0.8867227765093599,405.1255551195962,0.8631177957798322,0.0638864138784197,0.1888728255038942,0.0015675317174907014,0.0012561749417310361,0.009597801866919683,0.0001937269844932197,0.7346255251070516
0.006914062500000001,0.8974344649108624,409.9636892774103,0.8528157077150902,0.06380026730751788,0.1885209279432746,0.0016656717683474205,0.0013170631154537289,0.00999851042977299,0.00019617096329808593,0.7345013884723353
0.006916015625000001,0.9085479885691576,414.9826312734346,0.842383911390318,0.06371001137862083,0.1881551885934083,0.0017690918008044468,0.0013804113736863848,0.010411779613279104,0.00019862710990225244,0.7343748901302987
0.006917968750000001,0.9200708243141005,420.18568140712273,0.8318340154155233,0.06361551865530338,0.18777530151573577,0.0018779903371814318,0.001446278609485749,0.010837711027466718,0.0002010948188298478,0.7342461050359971
0.006919921875000001,0.9320101450839645,425.57599894870566,0.8211779799128659,0.06351666199309162,0.18738096703811177,0.001992567486275859,0.0015147228693173768,0.011276392926722249,0.0002035734957274777,0.7341151141907536
0.006921875000000001,0.9443728038911828,431.15659501049936,0.8104280480872168,0.06341331472422632,0.1869718922127472,0.002113024654436674,0.001585801268687463,0.011727900195947914,0.0002060625619596372,0.7339820043819947
0.006923828125000001,0.9571653197246731,436.93032631958886,0.7995966759991279,0.06330535083274964,0.18654779123083054,0.0022395642592859615,0.0016595699152549615,0.012192294413537978,0.00020856145964202823,0.7338468678886989
0.0069257812500000005,0.9703938654794423,442.8998899322956,0.7886964614603397,0.06319264511879913,0.1861083857924726,0.0023723894479632393,0.0017360838399757186,0.012669623988055961,0.00021106965717215083,0.7337098021555611
0.006927734375000001,0.9840642579741611,449.06781891705975,0.7777400729693809,0.06307507335121587,0.1856534054311998,0.002511703821577845,0.0018153969367555407,0.013159924364540707,0.000213586655326534,0.7335709094393836
0.006929687500000001,0.9981819500868293,455.4364790183184,0.766740179581535,0.06295251240771602,0.18518258779301291,0.0026577111673444977,0.0018975619110194394,0.013663218295530086,0.0002161119940047541,0.7334302964313724
0.006931640625000001,1.012752025008785,462.008066299973,0.7557093825647918,0.06282484040213224,0.18469567887047758,0.0028106151996381947,0.0019826302375391806,0.014179516171164587,0.0002186452597115579,0.7332880738593366
0.006933593750000001,1.0277791925865862,468.784605753226,0.7446601496336274,0.06269193679836345,0.184192433193105,0.0029706193109468363,0.002070652127802017,0.014708816402135573,0.00022118609387990768,0.7331443560737673
0.006935546875000001,1.043267787693986,475.76795084053435,0.7336047524774065,0.0625536825108836,0.18367261397567627,0.0031379263334325733,0.0021616765071557683,0.015251105848791377,0.0002237342021491825,0.7329992606219111
0.006937500000000001,1.0592217705481801,482.95978393521693,0.7225552082131818,0.06240995999184099,0.18313599322671903,0.003312738311535132,0.0022557510019266752,0.015806360289396387,0.00022628936472388452,0.7328529078138578
0.006939453125000001,1.0756447288614746,490.3616176050648,0.7115232252966996,0.06226065330491129,0.18258235181980753,0.0034952562857711376,0.0023529219366790325,0.016374544920353444,0.0002288514479486765,0.7327054202845288
0.0069414062500000005,1.0925398816978031,497.9747966786167,0.7005201543232558,0.06210564818623448,0.1820114795306048,0.0036856800876089463,0.002453234341770227,0.016955614881161433,0.00023142041724495344,0.7325569225553752
0.006943359375000001,1.1099100848844634,505.8005010243691,0.6895569440454065,0.06194483209287478,0.18142317504300412,0.003884208145032019,0.0025567319713533537,0.017549515796957977,0.00023399635156209312,0.7324075405992158
0.006945312500000001,1.1277578378161448,513.8397489664121,0.678644102830025,0.061778094239353314,0.1808172459278057,0.0040910372981470345,0.0026634573319855074,0.01815618433168684,0.00023657945950264787,0.7322574014115188
0.006947265625000001,1.1460852914752155,522.0934012548917,0.6677916656755664,0.06160532562288092,0.1801935085975886,0.00430636262395831,0.0027734517220208434,0.018775548745227164,0.00023917009728447095,0.7321066325910397
0.006949218750000001,1.1648942574857906,530.5621655060419,0.657009166814403,0.06142641903800123,0.179551788241543,0.004530377269207168,0.0028867552819946854,0.019407529448204473,0.00024176878870395014,0.7319553619323456
0.006951171875000001,1.1841862180138047,539.2466010246839,0.6463056178361554,0.0612412690813587,0.1788919187439495,0.004763272289980464,0.003003407056239747,0.02005203954864902,0.0002443762472625823,0.73180371703256
0.006953125000000001,1.2039623363246401,548.1471239216785,0.6356894911880772,0.0610497721473906,0.1782137425900373,0.00500523649662181,0.0031234450660192065,0.020708985385190296,0.00024699340061394055,0.7316518249141267
0.006955078125000001,1.224223467812325,557.2640124397298,0.6251687088388937,0.060851826415701,0.17751711076285956,0.005256456302328475,0.003246906394502359,0.021378267042014985,0.0002496214174792794,0.7314998116651142
0.0069570312500000005,1.2449701713182304,566.5974124033958,0.6147506358332702,0.06064733183089588,0.17680188263460428,0.0055171155737035295,0.0033738272839554584,0.02205977884140116,0.0002522617371677247,0.7313478020982719
0.006958984375000001,1.266202720565908,576.1473427125824,0.604442078416201,0.06043619007564653,0.1760679258556906,0.0057873954814382485,0.003504243245562243,0.02275340981023792,0.00025491610182085155,0.7311959194296037
0.006960937500000001,1.2879211155477324,585.9137008033096,0.5942492863695908,0.06021830453769973,0.17531511624468857,0.0060674743492409745,0.0036381891823263563,0.023459044117523312,0.0002575865914820907,0.731044284977039
0.006962890625000001,1.3101250937111357,595.8962680049855,0.5841779591768081,0.05999358027154801,0.17454333768194688,0.006357527499096717,0.0037756995255395017,0.024176561480437782,0.000260275662068539,0.7308930178793626
0.006964843750000001,1.3328141408047343,606.0947147293293,0.5742332556147088,0.059761923955398935,0.17375248200947654,0.006657727090935146,0.003916808385317199,0.02490583753713266,0.0002629861862972931,0.7307422348354422
0.006966796875000001,1.355987501259757,616.5086054327624,0.5644198063651942,0.059523243844064724,0.1729424489394346,0.006968241954814149,0.004061549715713976,0.02564674418493168,0.0002657214975905681,0.7305920498634503
0.006968750000000001,1.3796441879968364,627.1374033010061,0.554741729239256,0.059277449718337386,0.17211314597322847,0.007289237413778612,0.004209957494922394,0.026399149883143878,0.00026848543695456444,0.7304425740796345
0.006970703125000001,1.4037829915638607,637.9804746116123,0.5452026466145296,0.05902445283135724,0.17126448833298508,0.007620875095631428,0.00436206592103398,0.027162919920136856,0.0002712824027967336,0.7302939154960586
0.0069726562500000006,1.4284024885261346,649.0370927374536,0.5358057047012278,0.05876416585245379,0.1703963989068784,0.007963312731965435,0.00451790962379905,0.027937916644756502,0.0002741174036158811,0.730146178836531
0.006974609375000001,1.4535010490460207,660.306441761183,0.5265535942702824,0.058496502808892833,0.16950880820951322,0.00831670394293255,0.004677523892756943,0.028723999662533986,0.0002769961134700934,0.7299994653699005
0.006976562500000001,1.479076843603571,671.7876196775137,0.5174485725002482,0.058221379025918715,0.16860165435831426,0.008681198006379643,0.004840944922019507,0.029521025997440657,0.0002799249300994676,0.7298538727598277
0.006978515625000001,1.5051278488247846,683.4796411667893,0.508492485625012,0.05793871106546645,0.16767488306665335,0.009056939610159201,0.005008210071881825,0.030328850220224798,0.0002829110355550282,0.7297094949300594
0.006980468750000001,1.5316518523966314,695.38143992923,0.49968679209197076,0.05764841666389906,0.1667284476542277,0.009444068586609634,0.005179358147291848,0.03114732454455265,0.0002859624591619887,0.7295664219442571
0.006982421875000001,1.5586464570606804,707.4918705749568,0.4910325859688221,0.05735041466910843,0.1657623090750152,0.009842719628411612,0.005354429693046137,0.03197629889234732,0.000289088142625509,0.7294247398994457
0.006984375000000001,1.586109083688141,719.8097100698733,0.4825306203660739,0.05704462497734895,0.16477643596301136,0.010253021985250868,0.005533467305382034,0.03281562092981354,0.00029229800706962486,0.7292845308321237
0.006986328125000001,1.6140369734480893,732.3336587416819,0.47418133067121276,0.05673096847017913,0.16377080469582822,0.010675099140941599,0.0057165159594025645,0.03366513607567499,0.00029560302178500123,0.7291458726361884
0.006988281250000001,1.6424271890888247,745.0623408541218,0.4659848574183244,0.056409366951950916,0.1627453994761757,0.011109068470910125,0.005903623351506335,0.034524687483156874,0.0002990152744475169,0.7290088389918525
0.006990234375,1.671276615358576,757.9943047603238,0.4579410686438428,0.05607974308835023,0.16170021243123084,0.011555040880175518,0.006094840255685787,0.03539411599719161,0.00030254804255601294,0.72887349930481
0.0069921875,1.7005819585959951,771.128022648386,0.45004958160441916,0.05574202034659666,0.16063524372994115,0.012013120422207682,0.006290220892206101,0.03627326008822882,0.00030621586582202826,0.7287399186549977
0.006994140625,1.7303397455238034,784.4618898936818,0.4423097837565132,0.055396122938042025,0.15955050171836835,0.012483403899280203,0.006489823306776758,0.03716195576390117,0.00031003461922458864,0.728608157754407
0.00699609375,1.7605463212800303,797.9942240330897,0.4347208529190533,0.055041975764079314,0.15844600307335022,0.012965980445170151,0.006693709757874111,0.03806003645963031,0.000314021586416348,0.7284782729134797
0.006998046875,1.79119784672045,811.7232633762922,0.42728177656025995,0.05467950436648477,0.1573217729749347,0.013460931091278702,0.006901947109360105,0.03896733290906516,0.00031819553313038794,0.7283503160157461
0.007,1.8222902950236228,825.6471652685093,0.41999137016750854,0.05430863488357388,0.1561778452982997,0.013968328317457911,0.007114607224964757,0.039883672995029214,0.0003225767801863817,0.7282243345004881
0.007001953125,1.8538194476262522,839.7640040177826,0.4128482946747696,0.053929294013855794,0.15501426282618583,0.014488235589030368,0.007331767360556295,0.04080888158143942,0.00032718727562706744,0.7281003713533053
0.007003906250000001,1.885780889510762,854.0717684977685,0.4058510729360532,0.05354140898923674,0.15383107748323852,0.015020706881663749,0.007553510549402076,0.04174278032641738,0.00033205066542748337,0.7279784651046142
0.007005859375,1.918170003861184,868.5683594347109,0.3989981052450647,0.05314490756023068,0.15262835059407368,0.015565786195930877,0.007779925974834423,0.04268518747660159,0.0003371923621071618,0.7278586498362216
0.0070078125,1.9509819660953323,883.2515863844163,0.39228768391136215,0.05273971799610776,0.15140615316733622,0.016123507063534385,0.008011109323871071,0.04363591764246337,0.0003426396104365732,0.7277409551962506
0.007009765625,1.9842117372729298,898.1191644017205,0.3857180069117688,0.052325769103430265,0.15016456620854593,0.01669389204729264,0.008247163114402102,0.044594781554231654,0.00034842154926168444,0.7276254064228358
0.00701171875,2.017854056870648,913.1687104018392,0.37928719064250066,0.05190299026699933,0.1489036810650321,0.017276952237102506,0.00848819698756298,0.04556158579789592,0.00035456926827369796,0.7275120243771336
0.0070136718749999995,2.051903434905388,928.3977392095043,0.37299328180289487,0.05147131151784084,0.14762359980681913,0.017872686744178367,0.008734327955863503,0.04653613253063742,0.0003611158583250921,0.7274008255863358
0.007015624999999999,2.0863541433783754,943.8036592886206,0.3668342684456423,0.05103066363350217,0.1463244356478562,0.0184810821959435,0.008985680596564863,0.0475182191749851,0.0003680964536399499,0.7272918222975082
0.007017578124999999,2.1212002070039815,959.3837681422356,0.3608080902312859,0.05058097827658731,0.1450063134125083,0.019102112234007606,0.009242387178707647,0.048507638090996466,0.00037554826398983576,0.7271850225432027
0.007019531249999999,2.156435393179213,975.135247370158,0.3549126479265315,0.050122188178107006,0.143669370052689,0.01973573701771271,0.00950458771112453,0.049504176225827805,0.00038351059461152293,0.7270804302199274
0.0070214843749999995,2.192053201143837,991.0551573697443,0.34914581218677154,0.0496542273728448,0.14231375522142192,0.020381902735764724,0.009772429897758913,0.05050761474021186,0.000392024851337307,0.7269780451806604
0.007023437499999999,2.2280468502759754,1007.1404316643193,0.34350543166327846,0.049177031494517166,0.14093963190891043,0.021040541128497955,0.01004606898569308,0.05151772861157472,0.0004011345281016841,0.7268778633427051
0.007025390624999999,2.2644090454517607,1023.3877704890127,0.33798937361306397,0.048690538098115826,0.13954717703212827,0.02171156907924541,0.01032566751349283,0.05253428630088425,0.0004108851744880968,0.7267798768016452
0.00702734375,2.3011319025028403,1039.793606868222,0.3325955343347935,0.04819468705327811,0.13813658208852236,0.022394888229601204,0.010611394923084945,0.053557049404586804,0.0004213243390886715,0.7266840739618379
0.0070292968749999995,2.338207212983117,1056.3542260885674,0.32732180033304653,0.04768942107516649,0.13670805403919503,0.02309038454311385,0.01090342698665126,0.05458577217082381,0.00043250148377133865,0.7265904397012781
0.007031249999999999,2.375626428340275,1073.065758351361,0.322166054897531,0.047174686340712285,0.13526181625051728,0.023797927903054777,0.011201945068323243,0.05562020101234357,0.0004444678665548333,0.7264989555584941
0.007033203124999999,2.4133806426464774,1089.924170854779,0.31712618417230254,0.04665043320755148,0.133798109526764,0.02451737173426428,0.01150713519926478,0.05666007400142337,0.000457276389018023,0.7264095999417142
0.007035156249999999,2.4514605738530224,1106.9252593046924,0.3122000827407228,0.046116617043653656,0.1323171932373953,0.02524855265191353,0.011819186951317558,0.05770512034981325,0.000470981404352744,0.726322348361554
0.0070371093749999995,2.489856543556688,1124.0646388639277,0.30738565874949403,0.04557319917484962,0.1308193465412948,0.025991290140078043,0.012138292095715306,0.058755059877475625,0.000485638482266922,0.7262371736883197
0.007039062499999999,2.5285584552946263,1141.337734562863,0.3026808385925486,0.045020147956332475,0.1293048697086207,0.02674538626309254,0.0124646430352411,0.05980960247473175,0.0005013041271647536,0.7261540464348167
0.007041015624999999,2.5675557714191597,1158.739771209632,0.2980835711729341,0.04445743997272912,0.12777408553895817,0.02751062541275149,0.012798431000641262,0.0608684475632937,0.0005180354463868205,0.7260729350652394
0.00704296875,2.6068374886433614,1176.2657628551658,0.2935918317583669,0.043885061369495326,0.12622734087213736,0.02828677409449567,0.013139844005130798,0.06193128356252156,0.0005358897657963475,0.7259938063304229
0.0070449218749999995,2.6463921123926917,1193.9105018875182,0.28920362544364575,0.04330300931617526,0.12466500818548755,0.02907358075583458,0.013489064554457366,0.06299778736812173,0.0005549241906568079,0.7259166256292667
0.007046874999999999,2.6862076301477558,1211.6685478504412,0.2849169902309016,0.042711293599480546,0.1230874872683536,0.029870775660348757,0.013846267114204187,0.06406762385133843,0.0005751951105643387,0.7258413573957101
0.007048828124999999,2.7262714840147004,1229.5342161026258,0.2807299997367494,0.04210993834123547,0.12149520696160059,0.030678070810696245,0.01421161534078516,0.06514044538745256,0.0005967576481749049,0.7257679655100551
0.007050781249999999,2.7665705428163228,1247.50156645667,0.2766407655336967,0.041498983832991734,0.11988862694644474,0.031495159924135416,0.01458525908787181,0.06621589142309535,0.0006196650525953015,0.7256964137328656
0.0070527343749999995,2.80709107405333,1265.5643919592433,0.272647439131912,0.0408784884756209,0.11826823956350246,0.03232171846412406,0.014967331205706232,0.06729358809245906,0.0006439680395760036,0.7256266661590114
0.007054687499999999,2.847818716142664,1283.7162079960806,0.2687482136065709,0.04024853080850124,0.11663457163943307,0.033157403731580604,0.015357944156807671,0.06837314789291066,0.0006697140820345535,0.7255586876887322
0.007056640624999999,2.888738451396062,1301.9502419267008,0.2649413248754898,0.039609211609077724,0.11498818629505685,0.034001855019383576,0.01575718647785509,0.06945416943078897,0.0006969466559264123,0.7254924445119115
0.00705859375,2.9298345802546404,1320.2594234728188,0.2612250526317854,0.03896065603972192,0.11332968470552959,0.03485469383360668,0.016165119123864324,0.07053623724821642,0.0007257044480336027,0.7254279046010276
0.0070605468749999995,2.9710906973444247,1338.6363761015061,0.25759772093665706,0.03830301581501686,0.11165970778005836,0.03571552418487863,0.016581771737045635,0.0716189217416398,0.0007560205338248147,0.725365038207536
0.007062499999999999,3.0124896699595967,1357.0734096577912,0.2540576984782141,0.03763647135896697,0.10997893772592342,0.036583932953055225,0.017007138888715204,0.07270177918242636,0.0007879215351102753,0.7253038183558025
0.007064453124999999,3.0540136196133774,1375.56251451084,0.2506033985035594,0.036961233918313414,0.10828809945936908,0.03745949032812024,0.017441176348168722,0.07378435184923007,0.0008214267687235211,0.725244221328075
0.007066406249999999,3.0956439073211595,1394.0953574831783,0.24723327843287932,0.03627754759522936,0.10658796182426898,0.038341750329882185,0.01788379743731024,0.07486616828099694,0.0008565473988614204,0.7251862271334508
0.0070683593749999996,3.1373611232908476,1412.6632798320175,0.24394583916625778,0.035585691260305946,0.10487933857854732,0.039230251408595214,0.018334869533854853,0.07594674365835584,0.0008932856069491802,0.7251298199533915
0.007070312499999999,3.1791450816947213,1431.2572975456958,0.2407396240961202,0.03488598030504754,0.10316308910821606,0.0401245171280911,0.018794210788896863,0.07702558031980208,0.0009316337939175567,0.7250749885560288
0.007072265624999999,3.220974821179687,1449.868104206155,0.23761321784058298,0.03417876819217254,0.10144011882963402,0.04102405693240255,0.019261587126389132,0.07810216841752171,0.0009715738305339787,0.725021726671346
0.00707421875,3.262828611741476,1468.4860766492907,0.23456524471556106,0.03346444776198104,0.09971137924232278,0.0419283669961328,0.01973670959242488,0.07917598671590514,0.0010130763718699083,0.7249700333193635
0.0070761718749999996,3.3046839685382614,1487.1012836298498,0.23159436696601823,0.032743452253958534,0.097977867597358,0.04283693115804945,0.020219232121045344,0.08024650353387061,0.0010561002520738216,0.7249199130836443
0.007078124999999999,3.3465176731549833,1505.7034976655866,0.22869928277929902,0.03201625600471306,0.09624062615006748,0.043749221936519894,0.020708749780509163,0.08131317783002658,0.001100591975318716,0.7248713763228452
0.007080078124999999,3.3883058027470914,1524.282210196902,0.22587872410594775,0.03128337478632768,0.09450074097049058,0.044664701624483764,0.021204797559486132,0.082375460427502,0.0011464853180814432,0.7248244393136284
0.007082031249999999,3.4300237673941725,1542.8266501544251,0.22313145431561363,0.030545365753214534,0.09275934029067558,0.04558282346070667,0.02170684974650028,0.08343279537304758,0.0011937010567792089,0.7247791243190761
0.007083984375,3.471646355883076,1561.3258059776417,0.2204562657176272,0.029802826970592496,0.0910175923744237,0.04650303287307655,0.022214319948175243,0.08448462142276897,0.0012421468332364546,0.7247354595777267
0.007085937499999999,3.5131477900362644,1579.7684510742538,0.21785197697745384,0.02905639650368044,0.08927670290236242,0.047424768788723135,0.02272656178254239,0.08553037364464548,0.00129171716850064,0.7246934792095455
0.0070869140625,3.5338436017753536,1588.9641449227327,0.21657613569305045,0.028680892066364948,0.08840453174741636,0.04788732867532439,0.022984955731137548,0.08605226105370165,0.001316953494405845,0.7246730772316492
0.007087890624999999,3.554499006092566,1598.141326042974,0.21531759894378324,0.02830466124777063,0.0875330435800088,0.04835006547620984,0.023244281946750156,0.08657240535704483,0.0013424260508575674,0.7246531163413581
0.0070888671874999995,3.575110635736709,1607.2985379213276,0.21407622570599943,0.027927795087298642,0.08666239955363528,0.048812907075077974,0.023504442920117965,0.08709073505438279,0.0013681180575807193,0.7246336022519068
0.00708984375,3.595675101661253,1616.4343160503238,0.2128518761494326,0.027550386818958692,0.08579276255981097,0.049275781177070356,0.023765337761945827,0.08760717871349685,0.0013940119764412515,0.7246145409922761
0.007090820312499999,3.6161889953517434,1625.5471904034277,0.21164441137712764,0.027172531721434637,0.08492429693106893,0.04973861543804979,0.024026862355910155,0.08812166512718236,0.001420089535774423,0.7245959388905797
0.007091796875,3.63664889211937,1634.6356853214227,0.21045369352244409,0.026794327093505974,0.08405716845394454,0.05020133743122709,0.024288909431021258,0.0886341232788376,0.0014463317482892777,0.7245778025631744
0.0070927734375,3.6570513533254507,1643.698322133354,0.2092795854861321,0.0264158720903082,0.08319154405983492,0.05066387477723352,0.024551368736462267,0.08914448249983567,0.0014727189405495666,0.7245601388957759
0.007093749999999999,3.6773929302115427,1652.733619055261,0.20812195103968828,0.026037267685275877,0.0823275918249689,0.05112615511180139,0.02481412713496681,0.08965267243725869,0.0014992307758437168,0.7245429550298846
0.007094726562499999,3.6976701659889244,1661.7400939446934,0.20698065456104953,0.025658616493674923,0.0814654806510624,0.05158810621600534,0.025077068798120657,0.09015862321074844,0.0015258462885901292,0.7245262583417982
0.007095703124999999,3.7178796001883825,1670.7162642024691,0.20585556114476142,0.025280022721701385,0.08060538025305768,0.05204965598498988,0.025340075319633566,0.0906622653821182,0.0015525439119536085,0.7245100564265455
0.0070966796874999995,3.7380177705791637,1679.660649645974,0.20474653633775006,0.024901591978639764,0.07974746083178147,0.052510732557720964,0.02560302592930401,0.0911635301107032,0.0015793015168432305,0.7244943570750073
0.007097656249999999,3.758081218016616,1688.5717724037358,0.20365344625666962,0.02452343121399254,0.07889189305044789,0.05297126428675814,0.025865797624678565,0.0916623491245731,0.001606096443958553,0.7244791682555912
0.007098632812499999,3.778066488152458,1697.4481598911664,0.20257615732513096,0.024145648519853895,0.07803884770171499,0.053431179866849414,0.026128265401494655,0.0921586548734007,0.0016329055469509518,0.7244644980897355
0.007099609375,3.7979701367540453,1706.2883446867727,0.20151453639852393,0.023768353057180242,0.07718849567416536,0.05389040830572985,0.026390302401852812,0.09265238050098654,0.0016597052284901296,0.724450354831595
0.007100585937499999,3.8177887311651175,1715.0908675924306,0.20046845050402146,0.023391654850193545,0.07634100761633898,0.0543488790508898,0.026651780158601028,0.09314345999467534,0.0016864714870696966,0.7244367468422317
0.007101562499999999,3.8375188560672027,1723.8542774797088,0.19943776697304275,0.02301566470309701,0.07549655389455306,0.05480652196138509,0.026912568757826633,0.09363182815890327,0.0017131799566008717,0.724423682567634
0.0071025390625,3.8571571146482935,1732.5771344155712,0.19842235318526164,0.02264049398850565,0.07465530425662009,0.05526326743211337,0.02717253709434933,0.0941174207602254,0.0017398059562642118,0.7244111705119219
0.007103515624999999,3.8767001347727326,1741.2580094667621,0.19742207670879824,0.022266254556096817,0.07381742778252935,0.055719046366606885,0.027431553046053943,0.09460017450158953,0.0017663245330630198,0.7243992192140604
0.0071044921874999995,3.896144569815713,1749.8954878712134,0.19643680504932534,0.02189305851720062,0.07298309255061186,0.05617379029817696,0.027689483737428574,0.095080027162089,0.0017927105140581564,0.7243878372204349
0.00710546875,3.9154871052047873,1758.4881687883774,0.1954664057979668,0.021521018147019726,0.07215246558271571,0.05662743136365774,0.027946195723039878,0.09555691757168171,0.0018189385512528476,0.7243770330606323
0.007106445312499999,3.9347244588776906,1767.0346684959159,0.19451074638650187,0.021150245667616675,0.07132571251562125,0.05707990242079291,0.028201555255875695,0.09603078574482596,0.001844983175496412,0.724366815219771
0.007107421875,3.95385338815719,1775.533620074296,0.19356969424281356,0.020780853145436193,0.07050299754239459,0.057531137022903724,0.02845542847710851,0.0965015728553938,0.001870818843026538,0.7243571921137366
0.0071083984375,3.9728706897907364,1783.9836766082008,0.19264311655306107,0.020412952274980283,0.06968448309182253,0.05798106953192819,0.02870768168590571,0.09696922136341889,0.001896419990293772,0.7243481720616505
0.007109374999999999,3.99177320711822,1792.3835107939792,0.1917308804244365,0.020046654273438998,0.06887032976768162,0.05842963509397189,0.02895818153252609,0.09743367498995657,0.0019217610814563906,0.7243397632609684
0.007110351562499999,4.0105578296547195,1800.731818125644,0.19083285265501804,0.019682069667339534,0.06806069603885913,0.0588767697474558,0.029206795286242645,0.09789487883626867,0.001946816663361772,0.7243319737604724
0.007111328124999999,4.0292215004709835,1809.0273164145422,0.1899488999034836,0.019319308186116598,0.06725573817826479,0.059322410399512804,0.02945339102878912,0.09835277935841642,0.0019715614132750914,0.7243248114356251
0.007113281249999999,4.066177555990267,1825.4567741665328,0.18822252126830777,0.018601178824955177,0.06566385332054231,0.06020705191186435,0.029939058087177083,0.09925650426022116,0.0020199356838832695,0.7243124179113566
0.007115234375,4.1026167299905145,1841.661185181855,0.18655074112826456,0.01789156901133205,0.06409233517810238,0.061085035847870846,0.030415165693246378,0.10014650435508352,0.0020667743989693987,0.7243026155153953
0.007117187499999999,4.138516791310231,1857.6312843189787,0.18493248431041723,0.01719130687312738,0.06254232940338593,0.06195589801974723,0.030880714303416032,0.10102240702551984,0.0021118844367681773,0.7242954599380355
0.007119140624999999,4.17385661872903,1873.3582898844782,0.18336667057418732,0.016501193493785007,0.06101493045360208,0.06281919184126833,0.03133473789416801,0.1018838650792605,0.0021550793846131233,0.7242910018533029
0.0071201171874999995,4.191308650139154,1881.1272446310095,0.18260315656837062,0.01615953455954987,0.060258554681236455,0.06324871853051316,0.031557532352819405,0.10230992642771344,0.0021759338491296795,0.724289799599038
0.00712109375,4.208612654600771,1888.8321048852688,0.18185237145011923,0.015820719798153884,0.05950825864228863,0.063676177385221,0.03177708014268011,0.10273223341853434,0.002196241437107571,0.7242892891760145
0.007122070312499999,4.225766194574147,1896.4718734517594,0.1811141829547206,0.015484844692561487,0.0587641733785473,0.06410151196192371,0.031993269523204214,0.10315074434206076,0.002215981161477392,0.7242894749402252
0.007123046875,4.2427671874524115,1904.0456873290439,0.18038844887033317,0.015151993237989497,0.05802640547853568,0.06452467845855588,0.03220599787027248,0.10356543082993898,0.002235133255818356,0.7242903608688891
0.0071240234375,4.259613506222853,1911.5526695394972,0.1796750317083004,0.01482225142297113,0.05729506763890132,0.0649456286141139,0.03241516295624812,0.10397626043363652,0.002253678385420947,0.7242919505487081
0.007124999999999999,4.276303114960857,1918.991979345657,0.17897379381179998,0.01449570256824581,0.056570268364654584,0.06536431547717038,0.03262066606882597,0.10438320245040429,0.002271597959253481,0.7242942471114455
0.007125976562499999,4.292834063829985,1926.362814708874,0.17828459719769366,0.014172427206101188,0.05585211181786242,0.06578069346125004,0.03282241216213111,0.10478622796848108,0.002288874162138023,0.7242972532220361
0.007126953124999999,4.309204497180156,1933.6644108908338,0.1776073037583751,0.013852503021500857,0.05514069780271043,0.06619471832689415,0.03302030996279794,0.10518530983633642,0.002305489981940224,0.7243009710678199
0.0071279296874999995,4.325412647915209,1940.8960427579307,0.1769417751133778,0.013536004748398396,0.05443612163860738,0.06660634722974652,0.03321427209842552,0.10558042269864962,0.0023214292368808503,0.7243054023492917
0.007128906249999999,4.341456845567691,1948.0570232764687,0.17628787281051944,0.0132230041215987,0.05373847415501247,0.06701553870306907,0.03340421518530655,0.10597154296476397,0.002336676598258813,0.7243105482719905
0.007129882812499999,4.357335510045433,1955.1467056578035,0.17564545818688776,0.012913569790383397,0.05304784158893143,0.06742225269858328,0.03359005993373008,0.10635864883573334,0.0023512176127399795,0.7243164095398985
0.007130859375,4.3730471596651945,1962.164481752276,0.17501439256844145,0.01260776728149024,0.05236430558972325,0.06782645056939363,0.0337717312168328,0.10674172027207139,0.002365038720462702,0.724322986350026
0.007131835937499999,4.38859040429616,1969.1097840321902,0.1743945371399398,0.012305658930126874,0.05168794314067075,0.06822809510366733,0.03394915815262538,0.10712073901222871,0.0023781272722380553,0.7243302783884429
0.007132812499999999,4.403963953337813,1975.9820838910844,0.17378575314217318,0.012007303854237872,0.051018826573782906,0.06862715050793654,0.03412227415378988,0.10749568853974098,0.0023904715429715995,0.7243382848275403
0.0071337890625,4.419166608283842,1982.7808934635948,0.17318790175036053,0.011712757902735868,0.05035702351484484,0.06902358243376898,0.03429101698667714,0.10786655409357374,0.0024020607437972557,0.7243470043246022
0.007134765624999999,4.434197270632461,1989.5057638377207,0.17260084426823527,0.01142207364103,0.0497025969080549,0.06941735796138798,0.03445532880218744,0.10823332263477542,0.0024128850308298465,0.7243564350217344
0.0071357421874999995,4.4490549338994,1996.1562867126713,0.17202444201438669,0.011135300316063539,0.049055604983695794,0.06980844561954178,0.03461515617233725,0.10859598284917575,0.002422935512336837,0.724366574546849
0.00713671875,4.463738691453204,2002.7320925328218,0.17145855651247666,0.010852483852897988,0.0484161012922922,0.07019681536941057,0.03477045010266285,0.1089545251136861,0.0024322042529118866,0.7243774200161385
0.007137695312499999,4.478247728008859,2009.2328519862037,0.17090304938499476,0.010573666835940507,0.04778413469382727,0.0705824386179029,0.03492116604725402,0.10930894149185466,0.0024406842758625587,0.7243889680373581
0.007138671875,4.4925813273828705,2015.658274069874,0.17035778253892123,0.010298888516200061,0.047159749400938596,0.07096528820180993,0.03506726390339137,0.10965922569996661,0.0024483695629630734,0.7244012147147304
0.0071396484375,4.506738863505302,2022.0081074332466,0.16982261806635704,0.010028184807908144,0.046542984988425615,0.07134533839481447,0.035208708006217816,0.11000537309601618,0.0024552550523023234,0.7244141556543153
0.007140624999999999,4.520719808090414,2028.2821383851062,0.1692974184250259,0.00976158830592321,0.04593387644488841,0.07172256489186,0.03534546710654819,0.11034738064573608,0.0024613366338336507,0.7244277859712105
0.007141601562499999,4.534523721207343,2034.480192087485,0.16878204634522542,0.009499128296781888,0.045332454201091284,0.07209694481018229,0.035477514346579773,0.11068524690557849,0.002466611142983282,0.724442100296803
0.007142578124999999,4.548150258866045,2040.6021305150505,0.1682763650046256,0.009240830785603652,0.04473874418934975,0.07246845667386458,0.03560482722201024,0.11101897198882174,0.0024710763522660206,0.7244570927880842
0.0071435546874999995,4.561599163188621,2046.647853506202,0.16778023794101124,0.008986718520488766,0.044152767889208466,0.0728370804092231,0.03572738754036781,0.11134855754314556,0.002474730960999646,0.7244727571365667
0.007144531249999999,4.574870269911184,2052.617296685935,0.1672935292208974,0.008736811028168489,0.043574542393787545,0.07320279732953743,0.03584518136873131,0.11167400671695649,0.0024775745832972835,0.7244890865795215
0.007145507812499999,4.587963498200986,2058.510432381883,0.1668161033575397,0.008491124650563413,0.0430040804711314,0.0735655901251463,0.03595819897639953,0.11199532413216197,0.002479607734268263,0.7245060739103291
0.007146484375,4.600878858076131,2064.3272675217454,0.16634782547296553,0.008249672588350226,0.042441390636680995,0.07392544284833442,0.03606643476963213,0.11231251585086711,0.0024808318147301225,0.724523711491405
0.007147460937499999,4.613616439913856,2070.0678444226564,0.16588856122076068,0.008012464948427198,0.04188647722860124,0.07428234089852373,0.03616988722046384,0.11262558934392912,0.002481249094301081,0.7245419912657539
0.007148437499999999,4.626176421792036,2075.732238674338,0.1654381769411736,0.0077795087945051735,0.04133934048547894,0.0746362710072934,0.03626855878996663,0.11293455345815578,0.002480862693197185,0.724560904771403
0.0071494140625,4.63855905873491,2081.3205598107043,0.1649965395882137,0.007550808204184243,0.04079997663392028,0.07498722121906498,0.0363624558450745,0.11323941838123362,0.0024796765626369766,0.7245804431538853
0.007150390624999999,4.650764689979641,2086.832949189532,0.164563516877569,0.0073263643256504096,0.04026837797057757,0.07533518087626069,0.03645158857190991,0.11354019560956846,0.0024776954641030384,0.72460059718193
0.0071513671874999995,4.662793728006526,2092.269580555674,0.16413897721757226,0.00710617544304494,0.03974453296028202,0.07568014059586887,0.03653597088249463,0.11383689791013175,0.0024749249474842108,0.7246213572606934
0.00715234375,4.674646665735211,2097.6306579276825,0.16372278984973848,0.00689023703833004,0.03922842632150074,0.07602209225474599,0.036615620319700275,0.11412953928908136,0.002471371328187187,0.7246427134484543
0.007153320312499999,4.686324065384809,2102.9164160620417,0.1633148247832004,0.00667854186364823,0.03872003913331771,0.0763610289624628,0.03669055795569971,0.11441813495107014,0.00246704166343827,0.724664655470363
0.007154296875,4.69782656560413,2108.1271183567997,0.16291495292772976,0.006471080007419121,0.03821934892342469,0.07669694504676881,0.03676080829008195,0.11470270126873784,0.0024619437276281937,0.7246871727359394
0.0071552734375,4.70915487020663,2113.263057226253,0.1625230460312778,0.006267838972412536,0.03772632978231264,0.07702983602312025,0.0368263991418489,0.11498325574002356,0.0024560859871857505,0.7247102543530963
0.007156249999999999,4.720309755239476,2118.324552030903,0.16213897680541323,0.006068803745165071,0.037240952452933816,0.0773596985803027,0.03688736154219027,0.1152598169586261,0.002449477574529558,0.7247338891462524
0.007157226562499999,4.731292057636762,2123.3119493720214,0.16176261886563373,0.005873956878531903,0.036763184450530784,0.07768653054705967,0.0369437296217502,0.11553240456978951,0.002442128261908854,0.7247580656704291
0.007158203124999999,4.742102682230527,2128.2256210565793,0.1613938468492107,0.005683278563545709,0.036292990153145924,0.07801033087789311,0.036995540499493246,0.11580103924184086,0.0024340484343216852,0.7247827722297595
0.0071591796874999995,4.752742590364018,2133.065964320728,0.16103253635798115,0.00549674671527928,0.03583033092561444,0.07833109961717546,0.03704283416686067,0.11606574262089502,0.002425249062695291,0.7248079968914799
0.007160156249999999,4.76321280684944,2137.8333998376575,0.16067856406863953,0.0053143370463134155,0.0353751652101451,0.07864883788515731,0.03708565337408368,0.11632653730354259,0.0024157416761109215,0.7248337275046471
0.007161132812499999,4.773514408578743,2142.5283718787778,0.16033180767774752,0.005136023154813088,0.03492744865307824,0.07896354783994464,0.03712404351272117,0.11658344679090402,0.002405538334669218,0.7248599517138696
0.007162109375,4.783648531431632,2147.151346371552,0.15999214600456826,0.004961776598829676,0.03448713419484307,0.0792752326637391,0.03715805250067543,0.11683649546251629,0.0023946516013384515,0.724886656978058
0.007163085937499999,4.793616358921946,2151.702811006666,0.1596594589380709,0.00479156698558004,0.034054172198199784,0.07958389652305202,0.037187730664481514,0.1170857085301345,0.002383094514821038,0.724913830583731
0.007164062499999999,4.803419129056795,2156.183273352174,0.15933362753243682,0.004625362045867974,0.03362851053691892,0.07988954455521438,0.03721313062416426,0.11733111201286282,0.0023708805613147916,0.7249414596636569
0.0071650390625,4.813058123052608,2160.5932609144243,0.15901453395586895,0.0044631277236462825,0.033210094724347015,0.08019218282717791,0.037234307176509,0.11757273269105001,0.002358023647663886,0.7249695312096059
0.007166015624999999,4.82253467214749,2164.9333193138846,0.15870206157894612,0.004304828249915308,0.03279886800023605,0.08049181832232177,0.03725131718077662,0.11781059808270292,0.0023445380732952737,0.7249980320907521
0.0071669921874999995,4.831850146418055,2169.2040123071556,0.1583960949250707,0.004150426231738373,0.03239477145858061,0.08078845889819258,0.03726421944404722,0.11804473639778706,0.0023304385039037345,0.7250269490657505
0.00716796875,4.841005961546158,2173.4059200290017,0.15809651975187863,0.0039998827250472095,0.03199774413209402,0.08108211327363572,0.03727307460868861,0.11827517651595704,0.002315739943795432,0.725056268800782
0.007168945312499999,4.850003567764298,2177.5396389820758,0.1578032230031954,0.0038531573223837016,0.03160772311839126,0.08137279098578648,0.037277945040702684,0.11850194794152047,0.00230045771032234,0.7250859778808931
0.007169921875,4.858844456575997,2181.60578034895,0.1575160928837329,0.0037102082241115835,0.031224643661679506,0.081660502377585,0.037278894719740475,0.11872508078251584,0.002284607406834439,0.7251160628275333
0.0071708984375,4.867530149857179,2185.6049699555792,0.157235018812446,0.0035709923242535553,0.030848439276476177,0.08194525855429778,0.037275989131223604,0.1189446057065723,0.0022682048980454785,0.7251465101091311
0.007171874999999999,4.876062206528111,2189.5378466561992,0.15695989149077916,0.003435465279686107,0.030479041826157925,0.08222707137145428,0.037269295159563134,0.1191605539213417,0.0022512662837654665,0.7251773061580314
0.007172851562499999,4.884442211833118,2193.4050622760474,0.15669060285733474,0.003303581593534737,0.030116381643519433,0.0825059533911939,0.03725888098471132,0.11937295713146476,0.0022338078753453027,0.7252084373802307
0.007173828124999999,4.892671783721983,2197.2072800712285,0.1564270461499487,0.0031752946820001768,0.029760387605889886,0.08278191787064433,0.03724481597911285,0.11958184752033613,0.0022158461703316945,0.7252398901716849
0.007175781249999999,4.908685569369451,2204.6190108803326,0.15591672845973176,0.002929569616603755,0.02906874934989105,0.08332468289271111,0.03720598334889268,0.11998885371492202,0.002178494719583728,0.7253036663573956
0.007177734375,4.924119676468057,2211.7798877388664,0.15542802478403459,0.0026975705828886564,0.02840275847460723,0.08385602843220841,0.03715346869533102,0.12038226584185904,0.0021393336656720554,0.7253685743074336
0.0071796874999999994,4.938987819467243,2218.695545089543,0.15496013012877685,0.0024788959009434033,0.027761807693290196,0.08437608159348799,0.0370878563198979,0.1207623534577338,0.0020984988334692613,0.7254345062011773
0.007181640624999999,4.9533039962475955,2225.371735734717,0.15451226007525634,0.002273132996597807,0.02714527500125285,0.08488497788776618,0.03700974098232978,0.12112939106306561,0.0020561270218214375,0.7255013550471664
0.00718359375,4.9670824349404725,2231.814309489091,0.15408365079724534,0.0020798603631761747,0.026552526240358,0.08538286042129575,0.03691972528903948,0.12148365730397451,0.002012355389733597,0.7255690149924225
0.007185546875,4.980337543728177,2238.0291930180097,0.15367355902059543,0.0018986494098232661,0.025982917518933668,0.08586987910704537,0.036818417254471235,0.1218254342188532,0.0019673208855779355,0.7256373816052953
0.0071874999999999994,4.993083863666351,2244.0223708748613,0.15328126193025673,0.0017290661948392082,0.0254357974855732,0.08634618990251457,0.036706428035426036,0.12215500652982242,0.0019211597194516666,0.7257063521323729
0.007189453124999999,5.005336024532975,2249.7998677378946,0.1529060570296723,0.0015706730439516022,0.02491050945694824,0.08681195407594813,0.036584369836267526,0.12247266097840677,0.001874006878297969,0.7257758257301798
0.007191406249999999,5.017108703678101,2255.3677318352193,0.15254726195749385,0.0014230300547420649,0.02440639340122954,0.08726733750282845,0.036452853981083305,0.12277868570446954,0.0018259956829682607,0.725845703672679
0.007193359375,5.028416587823787,2260.732019536687,0.15220421426649616,0.0012856964895396907,0.02392278777995819,0.08771250999419626,0.03631248914743004,0.12307336966721877,0.0017772573860484137,0.7259158895356086
0.0071953124999999995,5.039274338315497,2265.8987810827944,0.1518762711694563,0.0011582320599952457,0.023459031252264693,0.08814764465798167,0.03616387975506343,0.123357002106725,0.0017279208089864566,0.7259862893589835
0.0071962890625,5.044539571317118,2268.4102986484395,0.1517177502430947,0.001098003103409241,0.023234224227762574,0.08836163477336394,0.036086663128573865,0.12349485843621341,0.0017030615523952299,0.7260215547782818
0.007197265624999999,5.049697381058014,2270.8745221468957,0.1515627844982553,0.0010400894025102718,0.023014154602453225,0.08857316671961064,0.0360076016142156,0.12363004986257607,0.00167809982405052,0.7260568379745836
0.0071982421874999996,5.054749545975728,2273.2921946338306,0.1514112992073986,0.0009844367036433805,0.022798741854953418,0.0887822611878693,0.03592677003158357,0.1237626114400621,0.001653051163933503,0.7260921276179548
0.00719921875,5.0596979021668265,2275.6640736213913,0.15126321982651436,0.0009309900699111459,0.022587902098050266,0.08898894236059579,0.035844241348435085,0.1238925804232667,0.001627930485960195,0.7261274132137809
0.007200195312499999,5.0645442495341095,2277.9909046105786,0.15111847350931826,0.000879695310588315,0.022381553605108753,0.08919323282619646,0.03576008858379875,0.12401999285412148,0.0016027526846260735,0.7261626841355602
0.007201171875,5.069290381923288,2280.2734295467235,0.15097698858258413,0.000830498538354507,0.022179615022126353,0.08939515524379488,0.0356743841443544,0.1241448846802771,0.0015775324260382318,0.7261979299450545
0.0072021484375,5.073938080341177,2282.5123868006585,0.15083869451595475,0.0007833461990377781,0.021982005416571058,0.08959473231594027,0.035587199798289317,0.12426729173569223,0.0015522841430785533,0.7262331403913909
0.0072031249999999995,5.0784891181956135,2284.7085106091345,0.1507035219296284,0.0007381850949048679,0.021788644299376936,0.08979198678627967,0.03549860663819163,0.12438724973717438,0.0015270220272988705,0.7262683054167737
0.007204101562499999,5.0829452547697835,2286.862531059281,0.1505714025655503,0.0006949624117478744,0.021599451669905588,0.08998694141382939,0.03540867505805513,0.12450479426629554,0.0015017600248672493,0.7263034151552992
0.007205078124999999,5.087308240335892,2288.975173576854,0.15044226929337373,0.0006536257402428393,0.021414348035686117,0.09017961897124376,0.03531747471894249,0.12461996076644086,0.0014765118292489226,0.7263384599381951
0.0072060546875,5.091579809881371,2291.047158913538,0.1503160560830401,0.0006141231006058509,0.021233254453771565,0.0903700422206531,0.03522507452878772,0.12473278452595733,0.0014512908778520522,0.7263734302923723
0.007207031249999999,5.095761688090438,2293.079202679663,0.15019269800923102,0.0005764029622122176,0.02105609254844447,0.09055823391250718,0.03513154261051798,0.12484330067566934,0.001426110345421943,0.7264083169452268
0.007208007812499999,5.099855583317422,2295.0720153338602,0.15007213122533697,0.000540414266049361,0.020882784549229087,0.0907442167629522,0.03503694628428991,0.12495154417318508,0.0014009831413026898,0.7264431108229916
0.007208984375,5.103863192432363,2297.0263017568877,0.1499542929666098,0.0005061064427911604,0.02071325330679006,0.0909280134532215,0.034941352037770594,0.12505754980079264,0.0013759219034719314,0.7264778030551621
0.007209960937499999,5.10778619503411,2298.942761243071,0.14983912152551926,0.0004734294332769763,0.02054742232787449,0.09110964660852411,0.03484482551045516,0.12516135215087756,0.0013509389963360016,0.7265123849726558
0.0072109374999999995,5.111626257835567,2300.822087111981,0.14972655625379935,0.000442333705235276,0.02038521578961481,0.0912891387979645,0.03474743146580805,0.12526298562413468,0.0013260465053312547,0.7265468481119115
0.007212890624999999,5.119062955101939,2304.4714672687305,0.1495090416399398,0.0003847615365452839,0.020071574723582505,0.09164162508689039,0.0345503127238239,0.12545977163420172,0.0012765875565910114,0.7266153667383652
0.00721484375,5.126188559942578,2307.9809835934525,0.14930121817182487,0.00033290504472678145,0.01977147904929056,0.09198586348127819,0.03435048788652682,0.1256483190535459,0.0012276268089089948,0.7266833186757227
0.007216796875,5.1330157687901545,2311.3559364091316,0.1491026388997374,0.00028639071163643953,0.019484351407926797,0.09232203066569815,0.034148439073953485,0.12582889425386465,0.001179250351260098,0.7267506435356604
0.0072187499999999995,5.139557001310197,2314.6015175335256,0.14891287255007274,0.00024485472956848605,0.019209626931754473,0.0926503015855867,0.033944633009492846,0.12600175988713436,0.0011315396346200546,0.726817284221843
0.007220703124999999,5.145824389997678,2317.722805957354,0.14873150320553838,0.00020794341439514923,0.018946753777898926,0.09297084923148065,0.03373952052841841,0.1261671746962314,0.0010845714099899247,0.7268831869415855
0.007222656249999999,5.151829770730435,2320.7247639125662,0.14855812999826207,0.0001753135900615301,0.018695193618458294,0.09328384444914303,0.03353353611407058,0.12632539333861195,0.0010384176758130035,0.7269483012138416
0.007224609375,5.15758467416639,2323.612233286587,0.1483923668170843,0.00014663294883790465,0.01845442209231356,0.09358945577427638,0.03332709745555504,0.12647666622156592,0.000993145633259228,0.7270125798741919
0.0072265624999999995,5.163100317881369,2326.389932341784,0.14823384203004514,0.00012158039138743286,0.01822392922357565,0.09388784929037647,0.03312060502140059,0.12662123934778174,0.000948817647968534,0.7270759790775096
0.007228515624999999,5.1683875991532915,2329.062452702911,0.14808219822284,9.984635035977954e-05,0.018003219811181713,0.09417918850837066,0.03291444164420383,0.12675935417007395,0.0009054912169558918,0.727138458298854
0.00723046875,5.173457088306276,2331.6342565788186,0.1479370919537818,8.113310087591584e-05,0.01779181379371885,0.09446363426665248,0.032708972111876934,0.12689124745435632,0.0008632189394870117,0.7271999803330323
0.007232421875,5.17831902253961,2334.109674188451,0.1477981935255722,6.51550609299087e-05,0.017589246593100953,0.09474134465011927,0.03250454276164559,0.12701715115009374,0.0008220484908305902,0.72726051129328
0.0072343749999999995,5.1829833001743895,2336.4929013648048,0.14766518677397195,5.1639084404364626e-05,0.017395069440292343,0.09501247492690794,0.03230148107349089,0.12713729226770348,0.0007820225978810513,0.7273200206093199
0.007236328124999999,5.187459475260544,2338.7879973142512,0.1475377688732427,4.032474908033312e-05,0.017208849685829853,0.09527717750148833,0.032100095260214304,0.1272518927625427,0.0007431790157238256,0.7273784810251207
0.007238281249999999,5.1917567524962385,2340.9988825123432,0.14741565015802913,3.096464172177682e-05,0.017030171097466653,0.0955356018828636,0.03190067385178238,0.1273611694253756,0.000705550504280719,0.7274358685965093
0.007240234375,5.195883982420833,2343.1293367209055,0.14729855396115688,2.332464203226102e-05,0.016858634146839024,0.09578789466665487,0.03170348527203473,0.12746533377940916,0.0006691648042269629,0.727492162688803
0.0072421874999999995,5.199849656851431,2345.182997114857,0.14718621646662772,1.7184207018320682e-05,0.016693856286647532,0.09603419952988865,0.031508777406238676,0.1275645919842283,0.0006340446114121069,0.7275473459745666
0.007244140624999999,5.203661904542394,2347.163356510853,0.14707838657691458,1.2336657051481703e-05,0.016535472219441287,0.09627465723737964,0.03131677715833088,0.12765914474721882,0.0006002075490436644,0.7276014044315342
0.00724609375,5.207328487055335,2349.0737616933775,0.1469748257934843,8.589464700251319e-06,0.016383134158710858,0.09650940565864,0.031127689997012088,0.12774918724328574,0.0005676661369054375,0.7276543273407458
0.007248046875,5.210856794836143,2350.9174118374635,0.1468753081093031,5.764547204701794e-06,0.01623651208261502,0.09673857979431237,0.030941699490138842,0.12783490904397105,0.00053642775688033,0.7277061072848776
0.0072499999999999995,5.214253843503976,2352.697357030746,0.14677961991191674,3.6985632900509317e-06,0.01609529398030344,0.09696231181118634,0.03075896682710315,0.1279164940573319,0.0005064946140307106,0.7277567401467545
0.007251953124999999,5.21752627036535,2354.416496900959,0.1466875598955372,2.24321486139005e-06,0.015959186090444725,0.09718073108490403,0.030579630329099966,0.12799412048022948,0.0004778636924581895,0.7278062251080022
0.007253906249999999,5.220680331174679,2356.0775793585135,0.14659893898040752,1.2655539882279346e-06,0.015827913131222913,0.097393964249539,0.0304038049473529,0.12806796076497948,0.00045052670511824773,0.7278545646477992
0.007255859375,5.223721897170907,2357.683199467214,0.1465135802375616,6.482954722843123e-07,0.015701218520726475,0.09760213525327657,0.030231581749512473,0.12813818160263807,0.0004244700367058283,0.7279017645416682
0.0072578124999999995,5.226656452428634,2359.2357984597115,0.14643131881693364,2.901351866073191e-07,0.015578864586314939,0.09780536541949791,0.030063027394570344,0.12820494392551635,0.0003996746786587734,0.7279478338602551
0.007259765624999999,5.229489091570236,2360.7376629181235,0.14635200187659136,1.0607423518952572e-07,0.015460632761167645,0.09800377351260878,0.02989818359681004,0.12826840293186573,0.00037611615526656026,0.727992784968046
0.00726171875,5.232224517902182,2362.1909241464236,0.14627548851050473,2.7748423313129698e-08,0.015346323765480695,0.09819747580801569,0.029737066580209803,0.1283287081360322,0.00035376444000141384,0.7280366335218368
0.007263671875,5.234867042127619,2363.5975577942872,0.14620164966983212,3.7569614692077594e-09,0.015235757764838117,0.09838658616546558,0.029579666533962577,0.12838600344756276,0.0003325838636235735,0.728079398467586
0.0072656249999999995,5.237420582530653,2364.9593840618836,0.14613036805197363,0.0,0.015128774455316442,0.09857121609650307,0.029425947161255784,0.12844042727317723,0.0003125330384780843,0.7281211019752695
0.007267578124999999,5.239888667131748,2366.278068672374,0.1460615379429947,0.0,0.015025233048280347,0.09875147482386797,0.029275845370318118,0.12849211264441787,0.00029356481063883683,0.7281617693024769
0.007269531249999999,5.242274493964724,2367.55514497046,0.14599506345157442,0.0,0.014925008993309756,0.09892746931206102,0.029129277513231164,0.12854118743668172,0.0002756279960815725,0.7282014287486347
0.007271484375,5.244581100515687,2368.7920758837727,0.14593085370723716,0.0,0.014827984429480362,0.09909930372838156,0.02898615780655814,0.12858777398621532,0.0002586724847438693,0.7282401075646209
0.0072734374999999995,5.246811402049045,2369.9902673227566,0.1458688217921572,0.0,0.014734046281630895,0.09926707937945387,0.028846402226790167,0.12863198938422354,0.00024265021219285936,0.7282778325157087
0.007275390624999999,5.248968200399034,2371.1510765084236,0.1458088842301304,0.0,0.014643085101430156,0.09943089583233883,0.028709928140621087,0.12867394594223558,0.00022751514298194686,0.7283146298403924
0.00727734375,5.251054199370235,2372.2758033776645,0.1457509612854759,0.0,0.01455499656471088,0.0995908481974564,0.028576656678226415,0.12871375061723253,0.0002132234602965637,0.7283505244820772
0.0072812499999999995,5.255021818692811,2374.4208058190356,0.1456409171579111,0.0,0.014387174140800606,0.09989936588572935,0.028319550314283702,0.1287871955334712,0.00018705009253713816,0.7284196640331781
0.007285156249999999,5.2587377951830385,2376.4368857975655,0.14553800307295575,0.0,0.014229595698867201,0.10019365638662943,0.028074254172709697,0.12885324996176506,0.00016376254471611802,0.7284854812353125
0.0072890624999999995,5.262220088861957,2378.332787592141,0.14544169276545488,0.0,0.014081558494878013,0.10047439640767244,0.02784020674478928,0.12891261137127386,0.00014307594283819824,0.7285481510385481
0.00729296875,5.265485312156769,2380.1166218251233,0.145351501729992,0.0,0.013942410789720588,0.10074222730022471,0.0276168756923926,0.12896591747517933,0.00012473049633409915,0.7286078382461488
0.0072968749999999995,5.26854883160266,2381.7959118494528,0.1452669837464147,0.0,0.013811548152683378,0.10099775691154546,0.02740375630372252,0.1290137510250822,0.00010848945139758661,0.7286646981555689
0.007300781249999999,5.271424861708015,2383.377636679617,0.14518772771919997,0.0,0.01368841003408414,0.10124156134804504,0.027200370025097953,0.1290566442262567,9.4137207827539e-05,0.7287188771586887
0.0073046874999999995,5.274126551595352,2384.868270763025,0.14511335479683618,0.0,0.013572476584516208,0.10147418665103655,0.027006263067222695,0.12909508280907184,8.147758430592035e-05,0.7287705133038467
0.0073124999999999996,5.279044082879726,2387.5944050117146,0.14497817891889514,0.0,0.013360836126398812,0.10190732578155534,0.026644698263056387,0.12915990899122243,6.0706094261853434e-05,0.7288665247435051
0.0073203124999999996,5.283406398188981,2390.027071984576,0.14485847574928853,0.0,0.013172304327773762,0.10230236399061249,0.02631485507069321,0.12921187675866005,4.4744657999758044e-05,0.7289538551942608
0.007328125,5.28728645575055,2392.2027360120887,0.1447521718452086,0.0,0.013003964526572145,0.10266271665421227,0.026013891888526465,0.12925348846883275,3.259200965514246e-05,0.7290333464522012
0.0073359375,5.290746720117721,2394.1528299739075,0.144657500755977,0.0,0.01285330621979982,0.10299146719702268,0.02573924128027882,0.12928680390512245,2.3430533284367703e-05,0.7291057508644918
0.00734375,5.293840682187339,2395.904464031183,0.14457295631581643,0.0,0.012718167957704017,0.10329140163200433,0.025488581456952597,0.12931351062031382,1.6596370874370316e-05,0.729171741962151
0.0073515625,5.29661417375917,2397.481040421459,0.1444972528867408,0.0,0.012596687671555277,0.10356503925475267,0.02525981094506685,0.12933498460078952,1.1553750586805469e-05,0.7292319237772488
0.007359375,5.299106509950562,2398.902789040679,0.14442929129348758,0.0,0.01248725928487616,0.10381465985431133,0.02505102613164037,0.12935234286721464,7.872845539369937e-06,0.7292868390164181
0.007375,5.303349950539147,2401.3345640941106,0.14431372715119548,0.0,0.012300436178923214,0.10424793460771407,0.024688321792277965,0.12937742033864003,3.5673625769979625e-06,0.7293823197198678
0.007390625,5.306833765367145,2403.3399552511337,0.14421898849856948,0.0,0.012146546360207844,0.10461022793705195,0.024384978587014685,0.12939470275182396,1.4870353451093292e-06,0.7294620573285564
0.00740625,5.309712125288784,2405.0017913527636,0.14414080833931764,0.0,0.012019112775522965,0.10491314623933103,0.024131281175843195,0.1294071818497521,5.590710458284589e-07,0.7295287188885048
0.007421875,5.312101554065542,2406.383847652675,0.14407597257156146,0.0,0.01191317810044561,0.10516636434998634,0.023919125759042027,0.12941664716888082,1.839560661595627e-07,0.729584500665579
0.0074375,5.314091604886993,2407.535979366977,0.1440220181949964,0.0,0.011824888165598997,0.10537796210355055,0.023741740748054647,0.12942413939973307,4.919882081510997e-08,0.7296312203842419
0.007453125,5.315752462810275,2408.4978152571753,0.14397701984133945,0.0,0.011751192921250962,0.1055546941157279,0.02359346217310011,0.1294302563051457,5.520429006285301e-09,0.7296703889643464
0.00746875,5.317140144912871,2409.3013266781063,0.14393944311406043,0.0,0.011689639597832141,0.10570220733000146,0.023469550948441678,0.12943534210506444,0.0,0.7297032600186603
0.0075,5.319232772175067,2410.511887250408,0.14388281581578702,0.0,0.011596964158243229,0.10592371607775664,0.02328295942801454,0.1294430598828622,0.0,0.7297533004531235
0.00753125,5.32071202691319,2411.3673751269293,0.1438428141890178,0.0,0.011531479863459336,0.10608004256628592,0.023151107832527062,0.1294485383008929,0.0,0.7297888314368348
0.0075625,5.321760899275315,2411.973516172501,0.14381446471001944,0.0,0.011485100863423043,0.10619052140820182,0.02305772617631641,0.12945245275036274,0.0,0.729814198801696
0.007625,5.322959366404714,2412.664322273115,0.14378208480843438,0.0,0.011432319655340232,0.10631540846459607,0.02295150932760752,0.12945704891906637,0.0,0.7298437136333898
0.0076875,5.323582881493397,2413.0234359326505,0.14376524459084847,0.0,0.011404893466936702,0.10638015795083118,0.022896324131515575,0.12945946252971735,0.0,0.7298591619209992
0.00775,5.323912467982534,2413.2128858665246,0.14375634454238706,0.0,0.011390441594313398,0.10641410586333129,0.022867253392582675,0.12946076275668505,0.0,0.7298674363930876
0.007875,5.324144933607546,2413.34586804158,0.14375006777817287,0.0,0.011380326654822522,0.10643758064518664,0.02284692071560698,0.12946172030560193,0.0,0.7298734516787819
0.008,5.324220184855288,2413.388747454536,0.14374803605029748,0.0,0.011377072996058928,0.10644505691900566,0.0228403840894419,0.12946204109478504,0.0,0.7298754449007084
0.00825,5.324246962463398,2413.4039305059014,0.14374731309045916,0.0,0.01137592453557693,0.10644766256342089,0.022838078536117544,0.12946216023382875,0.0,0.7298761741310559
0.0085,5.324251370543323,2413.406417635429,0.1437471940807663,0.0,0.011375737009915347,0.10644808260729845,0.02283770235432824,0.12946218067769422,0.0,0.7298762973507636
0.009000000000000001,5.324252101189662,2413.4068266884583,0.14374717435899426,0.0,0.011375706330078039,0.10644814995972378,0.02283764086938939,0.12946218427649417,0.0,0.7298763185643146
0.01,5.324252156570259,2413.4068575122546,0.1437471728717145,0.0,0.011375704029866852,0.10644815500800547,0.02283763623373297,0.12946218453220526,0.0,0.7298763201961894
0.011,5.324252158809348,2413.4068586817853,0.14374717281646332,0.0,0.011375703949866029,0.10644815520415704,0.022837636054585577,0.12946218452881034,0.0,0.7298763202625811
0.012,5.324252159079391,2413.4068587867614,0.143747172811165,0.0,0.01137570394962683,0.10644815521309542,0.022837636046803396,0.12946218452411584,0.0,0.7298763202663585
0.014,5.324252159416983,2413.4068589250132,0.14374717280215835,0.0,0.011375703954526861,0.10644815520275236,0.022837636056492683,0.12946218452481145,0.0,0.7298763202614168
0.016,5.324252159741702,2413.4068590583524,0.14374717279345373,0.0,0.011375703959521474,0.10644815519238365,0.022837636066435067,0.1294621845253172,0.0,0.7298763202563427
0.02,5.3242521589756695,2413.4068590583524,0.143747172793783,0.0,0.011375703961157772,0.10644815520769532,0.022837636069720068,0.12946218454393923,0.0,0.7298763202174875
